id,length,radius,insulation,materialDiameter,voidFrac,kIns,rhoIns,cIns,Tambient,Tfluid,finalDifference,h,hAmbient,G,flowVelocity,dynamicViscosity,c1,c2,dzDefined,drDefined,dt,dtStore,exportDtCharging,exportDtStoring
1,1,0.5,0.2,0.02,0.325,0.33,300,1100,293,1273,200,1000,1000,0.225,3,0.00004,0.115,1,0.1,0.1,30,120,30,1800
2,0.5,0.5,0.2,0.02,0.325,0.33,300,1100,293,1273,200,1000,1000,0.225,3,0.00004,0.115,1,0.1,0.1,30,120,30,1800
3,1.5,0.5,0.2,0.02,0.325,0.33,300,1100,293,1273,200,1000,1000,0.225,3,0.00004,0.115,1,0.1,0.1,30,120,30,1800